Facility Name,Type,Facility Type,Total Amount
A Better Way Ministry,gloves,Other,500
A Better Way Ministry,surgical mask,Other,2000
A New Leaf,kn95,Other,2000
A Place All My Own Healthcare - Blackhawk,gloves,Ltcf,500
A Place All My Own Healthcare - Blackhawk,n95,Ltcf,1000
A Place All My Own Healthcare - Blackhawk,surgical mask,Ltcf,200
AZ Department of Public Safety,stat paq,County,2
AZ Dream Team Grace House,face shield,Ltcf,48
AZ Dream Team Grace House,gloves,Ltcf,8200
AZ Dream Team Grace House,surgical mask,Ltcf,150
AZ Rangers East Valley Co.,gloves,Ems,1500
AZ Rangers East Valley Co.,n95,Ems,20
AZ Rangers East Valley Co.,stat paq,Ems,2
AZ State Hospital,alt. gowns,Acute,1
AZ State Hospital,face shield,Acute,144
AZ State Hospital,gloves,Acute,900
AZ State Hospital,gowns,Acute,96
AZ State Hospital,kn95,Acute,10000
AZ State Hospital,n95,Acute,300
AZ State Hospital,surgical mask,Acute,350
Abrazo Health,alt. gowns,Acute,5
Abrazo Health,gloves,Acute,2000
Abrazo Health,gowns,Acute,1092
Abrazo Health,n95,Acute,2920
Abrazo Health,surgical mask,Acute,3500
Acoya Mesa,face shield,Ltcf,24
Acoya Mesa,gloves,Ltcf,1000
Acoya Mesa,gowns,Ltcf,498
Acoya Mesa,n95,Ltcf,80
Acoya Mesa,surgical mask,Ltcf,500
Advanced Health Care Mesa,face shield,Ltcf,288
Advanced Health Care Mesa,gloves,Ltcf,1400
Advanced Health Care Mesa,gowns,Ltcf,540
Advanced Health Care Mesa,surgical mask,Ltcf,550
Age Care Limited,face shield,Other,48
Age Care Limited,gloves,Other,400
Age Care Limited,gowns,Other,50
Age Care Limited,n95,Other,40
Age Care Limited,surgical mask,Other,100
Aires LLC,face shield,Ltcf,96
Aires LLC,gloves,Ltcf,500
Aires LLC,gowns,Ltcf,100
Aires LLC,n95,Ltcf,100
Aires LLC,surgical mask,Ltcf,100
Aires Moon Valley,face shield,Other,100
Aires Moon Valley,gloves,Other,600
Aires Moon Valley,gowns,Other,100
Aires Moon Valley,n95,Other,60
Alice Group Home,face shield,Ltcf,168
Alice Group Home,gloves,Ltcf,600
Alice Group Home,gowns,Ltcf,126
Alice Group Home,n95,Ltcf,360
Alice Group Home,surgical mask,Ltcf,900
Allegiant,face shield,Ltcf,312
Allegiant,gloves,Ltcf,600
Allegiant,gowns,Ltcf,246
Allegiant,n95,Ltcf,660
Allegiant,surgical mask,Ltcf,1250
Allegiant Health Care,hand sanitizer,Ltcf,6
Alpine Villa,surgical mask,Ltcf,200
Amber Creek Memory Care Community,face shield,Ltcf,50
Amber Creek Memory Care Community,gowns,Ltcf,100
Amber Creek Memory Care Community,n95,Ltcf,240
Aquila Dental Design,face shield,Private,10
Aquila Dental Design,gloves,Private,100
Aquila Dental Design,gowns,Private,10
Aquila Dental Design,n95,Private,60
Aquila Dental Design,surgical mask,Private,50
Arbor Rose Senior Center,gowns,Ltcf,100
Arbor Rose Senior Center,n95,Ltcf,100
Archstone Care Center,face shield,Ltcf,72
Archstone Care Center,gloves,Ltcf,5200
Archstone Care Center,gowns,Ltcf,300
Archstone Care Center,n95,Ltcf,300
Archstone Care Center,surgical mask,Ltcf,500
Arizona Fire Medical Authority,gowns,Ems,900
Arizona Fire Medical Authority,n95,Ems,500
Arizona Fire Medical Authority,surgical mask,Ems,500
Arizona Fire and Medical Authority,gowns,Ems,10
Arizona Fire and Medical Authority,n95,Ems,300
Arizona Fire and Medical Authority,surgical mask,Ems,100
Arizona Health Care Contract Management,face shield,Ltcf,48
Arizona Health Care Contract Management,gloves,Ltcf,400
Arizona Health Care Contract Management,n95,Ltcf,20
Arizona Health Care Contract Management,surgical mask,Ltcf,50
Arizona Mentor Agave Group Home,face shield,Ltcf,10
Arizona Mentor Agave Group Home,n95,Ltcf,100
Arizona Mentor Agave Group Home,surgical mask,Ltcf,200
Arizona Mentor Group Home,face shield,Ltcf,24
Arizona Mentor Group Home,gloves,Ltcf,100
Arizona Mentor Group Home,gowns,Ltcf,30
Arizona Mentor Group Home,n95,Ltcf,30
Arizona Mentor Group Home,surgical mask,Ltcf,50
Arizona Mentor-Raven,gowns,Ltcf,30
Arizona Mentor-Raven,n95,Ltcf,30
Arizona Mentor-Raven,surgical mask,Ltcf,50
Arizona Training & Evaluation Center,face shield,Ltcf,24
Arizona Training & Evaluation Center,gloves,Ltcf,110000
Arizona Training & Evaluation Center,gowns,Ltcf,30
Arizona Training & Evaluation Center,n95,Ltcf,100
Arizona Training & Evaluation Center,surgical mask,Ltcf,500
Avamere at The Stratford,face shield,Ltcf,24
Avamere at The Stratford,gloves,Ltcf,2000
Avamere at The Stratford,gowns,Ltcf,250
Avamere at The Stratford,n95,Ltcf,20
Avamere at The Stratford,surgical mask,Ltcf,1000
Avenir Memory,alt. gowns,Ltcf,50
Avenir Memory,face shield,Ltcf,672
Avenir Memory,gloves,Ltcf,1600
Avenir Memory,gowns,Ltcf,126
Avenir Memory,n95,Ltcf,410
Avenir Memory,surgical mask,Ltcf,1900
Avenir Memory Care,face shield,Ltcf,1008
Avenir Memory Care,gloves,Ltcf,1000
Avenir Memory Care,gowns,Ltcf,1014
Avenir Memory Care,n95,Ltcf,1000
Avenir Memory Care,surgical mask,Ltcf,1000
Avenir Memory Care Chandler,gloves,Ltcf,400
Avenir Memory Care Chandler,gowns,Ltcf,300
Avenir Memory Care Chandler,surgical mask,Ltcf,300
Avenir Memory Care at Chandler,alt. gowns,Ltcf,200
Avenir Memory Care at Chandler,gloves,Ltcf,1100
Avenir Memory Care at Chandler,gowns,Ltcf,200
Avenir Memory Care at Chandler,n95,Ltcf,50
Avenir Memory Care at Chandler,surgical mask,Ltcf,500
Avista Senior Living Downtown Mesa,face shield,Ltcf,96
Avista Senior Living Downtown Mesa,gloves,Ltcf,1400
Avista Senior Living Downtown Mesa,gowns,Ltcf,350
Avista Senior Living Downtown Mesa,n95,Ltcf,100
Avista Senior Living Downtown Mesa,surgical mask,Ltcf,10000
Avondale Fire,n95,Ems,2000
Avondale Fire and Medical,gloves,Ems,1500
Avondale Fire and Medical,n95,Ems,400
Avondale Fire and Medical,stat paq,Ems,20
Avondale Fire and Medical,surgical mask,Ems,100
Aztec Health Care,face shield,Ltcf,48
Aztec Health Care,gloves,Ltcf,1000
Aztec Health Care,gowns,Ltcf,30
Aztec Health Care,n95,Ltcf,260
Aztec Health Care,surgical mask,Ltcf,1000
Bandera Assisted Living,face shield,Ltcf,96
Bandera Assisted Living,gloves,Ltcf,600
Bandera Assisted Living,gowns,Ltcf,180
Bandera Assisted Living,n95,Ltcf,120
Bandera Assisted Living,surgical mask,Ltcf,300
Banner Hospital,alt. gowns,Acute,24
Banner Hospital,face shield,Acute,5208
Banner Hospital,gloves,Acute,15400
Banner Hospital,gowns,Acute,4230
Banner Hospital,n95,Acute,11200
Banner Hospital,surgical mask,Acute,13600
Banner Hospital- Chandler,alt. gowns,Acute,55
Barton House,face shield,Ltcf,48
Barton House,gowns,Ltcf,108
Barton House,n95,Ltcf,110
Barton House,surgical mask,Ltcf,150
Beatitudes Campus,alt. gowns,Ltcf,48
Beatitudes Campus,face shield,Ltcf,168
Beatitudes Campus,gloves,Ltcf,600
Beatitudes Campus,gowns,Ltcf,126
Beatitudes Campus,n95,Ltcf,360
Beatitudes Campus,surgical mask,Ltcf,900
Beatitudes Campus LTCF,n95,Ltcf,120
Beatitudes Campus LTCF,surgical mask,Ltcf,1500
Belmont Village Scottsdale,gowns,Ltcf,600
Bethany Ranch Group Home,gloves,Ltcf,1500
Bethany Ranch Group Home,surgical mask,Ltcf,1000
Bethany Ranch Home,face shield,Ltcf,408
Bethany Ranch Home,gloves,Ltcf,4800
Bethany Ranch Home,gowns,Ltcf,336
Bethany Ranch Home,n95,Ltcf,390
Bethany Ranch Home,surgical mask,Ltcf,400
Brendel and Associates - Emerson House,face shield,Ltcf,24
Brendel and Associates - Emerson House,gloves,Ltcf,300
Brendel and Associates - Emerson House,n95,Ltcf,80
Brendel and Associates - Emerson House,surgical mask,Ltcf,100
Bridge Water Assisted Living ,gloves,Ltcf,6600
Bridgewater Assisted Living,alt. gowns,Ltcf,38
Bridgewater Assisted Living,face shield,Ltcf,504
Bridgewater Assisted Living,gloves,Ltcf,3000
Bridgewater Assisted Living,surgical mask,Ltcf,1000
Brookdale Baywood Assisted Living,face shield,Ltcf,696
Brookdale Baywood Assisted Living,gloves,Ltcf,2000
Brookdale Baywood Assisted Living,gowns,Ltcf,1830
Brookdale Baywood Assisted Living,n95,Ltcf,690
Brookdale Baywood Assisted Living,surgical mask,Ltcf,1400
Brookdale Central Chandler,face shield,Ltcf,48
Brookdale Central Chandler,gowns,Ltcf,78
Brookdale North Gilbert,face shield,Ltcf,840
Brookdale North Gilbert,gloves,Ltcf,1200
Brookdale North Gilbert,n95,Ltcf,630
Brookdale North Mesa,n95,Ltcf,1000
Brookdale North Scottsdale,face shield,Ltcf,144
Brookdale North Scottsdale,goggles,Ltcf,144
Brookdale North Scottsdale,gowns,Ltcf,1000
Brookdale Trail Ridge,gowns,Ltcf,100
Buckeye Fire,n95,Ems,100
Buckeye Fire,stat paq,Ems,10
Cactus Shadow HS,surgical mask,School,5000
Cactus Villa Assisted Living ,face shield,Ltcf,48
Cactus Villa Assisted Living ,gowns,Ltcf,18
Camelback Post Acute & Rehabilitation,face shield,Ltcf,152
Camelback Post Acute & Rehabilitation,n95,Ltcf,500
Camelback Post Acute & Rehabilitation,surgical mask,Ltcf,1000
Center at Arrowhead,gloves,Ltcf,1200
Center at Arrowhead,gowns,Ltcf,354
Center at Arrowhead,surgical mask,Ltcf,350
Center for Family Services,alt. gowns,Ltcf,128
Center for Family Services,face shield,Ltcf,48
Center for Family Services,gloves,Ltcf,1000
Center for Family Services,gowns,Ltcf,108
Center for Family Services,n95,Ltcf,190
Center for Family Services,surgical mask,Ltcf,400
Central Arizona Shelter Services,thermometer,County,350
Chandler Fire Department,n95,Ems,8
Chandler Fire Department,stat paq,Ems,5
Chicanos Por La Causa,gloves,Other,1800
Chicanos Por La Causa,kn95,Other,4990
Chicanos Por La Causa,surgical mask,Other,2000
Christen Care Health Center,face shield,Ltcf,240
Christen Care Health Center,gloves,Ltcf,1000
Christen Care Health Center,n95,Ltcf,150
Christen Care Health Center,surgical mask,Ltcf,150
Christian Care Center,face shield,Ltcf,48
Christian Care Center,gloves,Ltcf,800
Christian Care Center,gowns,Ltcf,100
Christian Care Center,n95,Ltcf,150
Christian Health,face shield,Ltcf,168
Christian Health,gloves,Ltcf,600
Christian Health,gowns,Ltcf,126
Christian Health,n95,Ltcf,360
Christian Health,surgical mask,Ltcf,900
Circle the City,gowns,Ltcf,1000
City of El Mirage,gowns,Ems,40
City of El Mirage,n95,Ems,120
City of El Mirage,surgical mask,Ems,200
City of Peoria,n95,Ems,120
City of Tolleson,gowns,Ems,10
City of Tolleson,n95,Ems,120
Cobalt Rehabilitation Hospital,face shield,Ltcf,48
Cobalt Rehabilitation Hospital,gloves,Ltcf,1800
Cobalt Rehabilitation Hospital,n95,Ltcf,90
Cobalt Rehabilitation Hospital,surgical mask,Ltcf,300
Colbalt Rehabilitation Hospital,gloves,Ltcf,6000
Colbalt Rehabilitation Hospital,gowns,Ltcf,300
Colbalt Rehabilitation Hospital,n95,Ltcf,60
Colbalt Rehabilitation Hospital,surgical mask,Ltcf,300
Community Options San Gabriel,face shield,Ltcf,24
Community Options San Gabriel,gloves,Ltcf,700
Community Options San Gabriel,gowns,Ltcf,18
Community Options San Gabriel,n95,Ltcf,100
Community Options San Gabriel,surgical mask,Ltcf,300
Community Provider of Enrichment Services,face shield,Ltcf,48
Community Provider of Enrichment Services,gloves,Ltcf,500
Community Provider of Enrichment Services,gowns,Ltcf,50
Community Provider of Enrichment Services,n95,Ltcf,200
Community Provider of Enrichment Services,surgical mask,Ltcf,300
Copper Village,gloves,Ltcf,2700
Copper Village,gowns,Ltcf,60
Copper Village,n95,Ltcf,80
Copper Village,surgical mask,Ltcf,1000
Copper Village ,face shield,Ltcf,40
Copper Village ,gowns,Ltcf,48
Correctional Health,face shield,County,1344
Correctional Health,gloves,County,42000
Correctional Health,gowns,County,2358
Correctional Health,n95,County,2010
Correctional Health,surgical mask,County,13850
Courtyard Towers,face shield,Ltcf,48
Courtyard Towers,gloves,Ltcf,1000
Courtyard Towers,gowns,Ltcf,30
Courtyard Towers,n95,Ltcf,260
Courtyard Towers,surgical mask,Ltcf,1000
"Creative Innervisions, LLC",face shield,Ltcf,200
"Creative Innervisions, LLC",gowns,Ltcf,100
"Creative Innervisions, LLC",n95,Ltcf,200
"Creative Innervisions, LLC",surgical mask,Ltcf,10000
Creative Innovations,alt. gowns,Ltcf,48
Creative Innovations,face shield,Ltcf,144
Creative Innovations,gowns,Ltcf,60
Creative Innovations,surgical mask,Ltcf,150
Crossroads Pediatrics,n95,Private practice,120
Desert Blossom,face shield,Ltcf,192
Desert Blossom,gloves,Ltcf,1100
Desert Blossom,gowns,Ltcf,390
Desert Blossom,n95,Ltcf,1060
Desert Blossom,surgical mask,Ltcf,2600
Desert Blossom Health & Rehab,alt. gowns,Ltcf,200
Desert Blossom Health & Rehab,face shield,Ltcf,504
Desert Cove,alt. gowns,Ltcf,96
Desert Cove,n95,Ltcf,130
Desert Haven Care Center,alt. gowns,Ltcf,210
Desert Haven Care Center,face shield,Ltcf,600
Desert Haven Care Center,gloves,Ltcf,4700
Desert Haven Care Center,gowns,Ltcf,760
Desert Haven Care Center,n95,Ltcf,490
Desert Haven Care Center,surgical mask,Ltcf,2600
Desert Palm at the Park,face shield,Ltcf,216
Desert Palm at the Park,gowns,Ltcf,220
Desert Ridge,alt. gowns,Ltcf,50
Desert Ridge,face shield,Ltcf,96
Desert Ridge,gloves,Ltcf,400
Desert Ridge,n95,Ltcf,100
Desert Ridge,surgical mask,Ltcf,200
Desert Sky,face shield,Ltcf,24
Desert Sky,gowns,Ltcf,240
Desert Sky,n95,Ltcf,100
Desert Winds Assisted Living,face shield,Ltcf,672
Desert Winds Assisted Living,gloves,Ltcf,1600
Desert Winds Assisted Living,gowns,Ltcf,606
Desert Winds Assisted Living,n95,Ltcf,1350
Desert Winds Assisted Living,surgical mask,Ltcf,1850
Dignity Health,alt. gowns,Acute,8
Dignity Health,gloves,Acute,900
Dignity Health,gowns,Acute,1632
Dignity Health,n95,Acute,4360
Dignity Health,surgical mask,Acute,5250
Dr. Darrell B. Sims Oral Surgery,face shield,Private practice,24
Dr. Darrell B. Sims Oral Surgery,gowns,Private practice,18
Dr. Darrell B. Sims Oral Surgery,n95,Private practice,30
Dr. Darrell B. Sims Oral Surgery,surgical mask,Private practice,50
East Valley Hospice,gloves,Ltcf,7800
East Valley Hospice,gowns,Ltcf,12
East Valley Hospice,surgical mask,Ltcf,500
El Mirage Fire Dept.,gloves,Ems,1500
El Mirage Fire Dept.,n95,Ems,20
El Mirage Fire Dept.,stat paq,Ems,5
Elderly & Physically Disabled Providers Alliance,alt. gowns,Ltcf,192
Elderly & Physically Disabled Providers Alliance,face shield,Ltcf,120
Elderly & Physically Disabled Providers Alliance,gloves,Ltcf,1200
Elderly & Physically Disabled Providers Alliance,surgical mask,Ltcf,1000
Emerald Glen Memory Care,gowns,Ltcf,60
Emerald Glen Memory Care,hand sanitizer,Ltcf,7
Emerald Glen Memory Care,n95,Ltcf,50
Emerald Glen Memory Care,surgical mask,Ltcf,100
Emerald Glen Memory Care Plus,alt. gowns,Ltcf,100
Emerald Glen Memory Care Plus,n95,Ltcf,80
Emerald Glen Memory Care Plus,surgical mask,Ltcf,200
Empowerment House,face shield,Ltcf,96
Empowerment House,gloves,Ltcf,100
Empowerment House,gowns,Ltcf,66
Empowerment House,n95,Ltcf,90
Empowerment House,surgical mask,Ltcf,100
Ensign Citadel,gowns,Ltcf,366
Ensign Citadel,surgical mask,Ltcf,500
Esemonu Group Home,face shield,Ltcf,144
Esemonu Group Home,gloves,Ltcf,3000
Esemonu Group Home,gowns,Ltcf,96
Esemonu Group Home,n95,Ltcf,420
Esemonu Group Home,surgical mask,Ltcf,400
Esign Alta Hospital,gloves,Ltcf,900
Esign Alta Hospital,gowns,Ltcf,252
Esign Alta Hospital,n95,Ltcf,570
Esign Alta Hospital,surgical mask,Ltcf,5250
Estrella Center,gowns,Ltcf,200
Estrella Center,n95,Ltcf,290
Everlasting Services,face shield,Ltcf,48
Everlasting Services,gloves,Ltcf,1100
Everlasting Services,gowns,Ltcf,60
Everlasting Services,n95,Ltcf,100
Everlasting Services,surgical mask,Ltcf,100
Express Urgent Care,face shield,Urgent care,840
Express Urgent Care,gloves,Urgent care,900
Express Urgent Care,gowns,Urgent care,222
Express Urgent Care,n95,Urgent care,1800
Express Urgent Care,surgical mask,Urgent care,2650
Fellowship Square,alt. gowns,Ltcf,60
Fellowship Square,face shield,Ltcf,48
Fellowship Square,gowns,Ltcf,3600
Fellowship Square,surgical mask,Ltcf,50
Florence Crittenton of Arizona,face shield,Ltcf,48
Florence Crittenton of Arizona,gloves,Ltcf,600
Florence Crittenton of Arizona,gowns,Ltcf,50
Florence Crittenton of Arizona,n95,Ltcf,100
Florence Crittenton of Arizona,surgical mask,Ltcf,1000
Freedom Plaza Care Center ,alt. gowns,Ltcf,96
Freedom Plaza Care Center ,face shield,Ltcf,96
Freedom Plaza Care Center ,hand sanitizer,Ltcf,8
Gardens at Ocotillo,gloves,Ltcf,2700
Gardens at Ocotillo,gowns,Ltcf,210
Gardens at Ocotillo,hand sanitizer,Ltcf,6
Gardens at Ocotillo,n95,Ltcf,300
Gardens at Ocotillo,surgical mask,Ltcf,300
Gila River Indian Community,face shield,Tribal,984
Gila River Indian Community,gloves,Tribal,2500
Gila River Indian Community,gowns,Tribal,108
Gila River Indian Community,n95,Tribal,1000
Gila River Indian Community,surgical mask,Tribal,6000
Glencroft - Providence Place,gloves,Ltcf,2000
Glencroft - Providence Place,gowns,Ltcf,700
Glencroft Center for Modern Aging,face shield,Ltcf,72
Glencroft Center for Modern Aging,gloves,Ltcf,3900
Glencroft Center for Modern Aging,gowns,Ltcf,408
Glencroft Center for Modern Aging,n95,Ltcf,1000
Glynnis Place,face shield,Ltcf,48
Glynnis Place,gloves,Ltcf,400
Glynnis Place,gowns,Ltcf,60
Glynnis Place,n95,Ltcf,50
Glynnis Place,surgical mask,Ltcf,100
Golden Times,alt. gowns,Ltcf,10
Golden Times,face shield,Ltcf,24
Golden Times,gloves,Ltcf,500
Golden Times,n95,Ltcf,50
Golden Times,surgical mask,Ltcf,200
Goodwill of Central & Northern AZ,surgical mask,Other,5000
Goodyear Fire Dept.,gloves,Ems,2000
Goodyear Fire Dept.,n95,Ems,140
Goodyear Fire Dept.,stat paq,Ems,25
Haven Health Group Management,face shield,Ltcf,264
Haven Health Group Management,gloves,Ltcf,900
Haven Health Group Management,gowns,Ltcf,222
Haven Health Group Management,n95,Ltcf,540
Haven Health Group Management,surgical mask,Ltcf,5250
Haven of Phoenix,alt. gowns,Ltcf,100
Haven of Phoenix,face shield,Ltcf,96
Haven of Phoenix,gloves,Ltcf,900
Haven of Phoenix,gowns,Ltcf,50
Haven of Phoenix ,alt. gowns,Ltcf,50
Haven of Phoenix ,gloves,Ltcf,4000
Heaven on Earth,face shield,Ltcf,24
Heaven on Earth,gloves,Ltcf,100
Heaven on Earth,n95,Ltcf,30
Heaven on Earth,surgical mask,Ltcf,50
Heritage Court Post Acute of Scottsdale,face shield,Ltcf,192
Heritage Court Post Acute of Scottsdale,gloves,Ltcf,1600
Heritage Court Post Acute of Scottsdale,gowns,Ltcf,138
Heritage Court Post Acute of Scottsdale,n95,Ltcf,60
Heritage Court Post Acute of Scottsdale,surgical mask,Ltcf,700
Heritage Court of Scottsdale,face shield,Ltcf,96
Heritage Court of Scottsdale,gloves,Ltcf,2000
Heritage Court of Scottsdale,gowns,Ltcf,240
Heritage Court of Scottsdale,n95,Ltcf,230
Heritage Court of Scottsdale,surgical mask,Ltcf,200
Heritage Village Assisted Living ,alt. gowns,Ltcf,50
Heritage Village Assisted Living ,face shield,Ltcf,192
Heritage Village Assisted Living ,gloves,Ltcf,300
Heritage Village Assisted Living ,n95,Ltcf,200
Heritage Village Assisted Living ,surgical mask,Ltcf,200
Holiday Retirement - Vista de la Montana,alt. gowns,Ltcf,54
Holiday Retirement - Vista de la Montana,face shield,Ltcf,24
Holiday Retirement - Vista de la Montana,gloves,Ltcf,600
Holiday Retirement - Vista de la Montana,surgical mask,Ltcf,300
Honeywell Fire Dept.,gloves,Ems,1500
Honeywell Fire Dept.,n95,Ems,40
Honeywell Fire Dept.,stat paq,Ems,5
Honor Health,alt. gowns,Acute,11
Honor Health,face shield,Acute,2400
Honor Health,gloves,Acute,7000
Honor Health,gowns,Acute,1920
Honor Health,n95,Acute,7200
Honor Health,surgical mask,Acute,6300
Horizon Health,gowns,Ltcf,50
Horizon Health & Wellness,gowns,Ltcf,30
Horizon Health and Wellness,alt. gowns,Ltcf,30
Horizon Health and Wellness,face shield,Ltcf,408
Horizon Health and Wellness,n95,Ltcf,380
Hospice of the West,surgical mask,Ltcf,300
House of Refuge,kn95,Other,500
House of Refuge,surgical mask,Other,300
Hugar Mercy Living Center,face shield,Ltcf,144
Hugar Mercy Living Center,gloves,Ltcf,500
Hugar Mercy Living Center,n95,Ltcf,90
Hugar Mercy Living Center,surgical mask,Ltcf,150
Immanuel Campus Care,face shield,Ltcf,96
Immanuel Campus Care,gowns,Ltcf,500
Immanuel Campus Care,hand sanitizer,Ltcf,20
Immanuel Campus Care,n95,Ltcf,100
Immanuel Campus Care,surgical mask,Ltcf,600
Immanuel Campus of Care,face shield,Ltcf,384
Immanuel Campus of Care,gloves,Ltcf,4750
Immanuel Campus of Care,gowns,Ltcf,1000
Immanuel Campus of Care,hand sanitizer,Ltcf,3
Immanuel Campus of Care,n95,Ltcf,500
Immanuel Campus of Care,surgical mask,Ltcf,11000
Immanuel Campus of Care ,alt. gowns,Ltcf,64
Immanuel Campus of Care ,face shield,Ltcf,120
Immanuel Campus of Care ,gloves,Ltcf,2000
Immanuel Campus of Care ,n95,Ltcf,300
Immanuel Campus of Care ,surgical mask,Ltcf,250
Integro Health,face shield,Private,96
Integro Health,gloves,Private,600
Integro Health,gowns,Private,146
Integro Health,n95,Private,120
Integro Health,surgical mask,Private,100
Jane's Place,face shield,Ltcf,48
Jane's Place,gloves,Ltcf,400
Jane's Place,gowns,Ltcf,10
Jane's Place,n95,Ltcf,60
Jane's Place,surgical mask,Ltcf,50
Just All About You,face shield,Other,30
Just All About You,gloves,Other,200
Just All About You,gowns,Other,50
Just All About You,hand sanitizer,Other,7
Just All About You,n95,Other,60
La Frontera Empact SPC,face shield,Other,499
La Frontera Empact SPC,hand sanitizer,Other,10
La Frontera Empact SPC,kn95,Other,5000
La Frontera Empact SPC,surgical mask,Other,10000
Lake Pleasant Post Acute,face shield,Ltcf,360
Lake Pleasant Post Acute,gloves,Ltcf,1400
Lake Pleasant Post Acute,gowns,Ltcf,1800
Lake Pleasant Post Acute,n95,Ltcf,390
Lake Pleasant Post Acute,surgical mask,Ltcf,100
Lake Pleasant Post Acute & Rehab,gowns,Ltcf,176
Lake Pleasant Post Acute Rehab,alt. gowns,Ltcf,75
Lake Pleasant Post Acute Rehab,gowns,Ltcf,78
Lake Pleasant Post Acute Rehab,n95,Ltcf,200
Lake Pleasant Rehab,face shield,Ltcf,120
Lake Pleasant Rehab,gloves,Ltcf,1400
Lake Pleasant Rehab,gowns,Ltcf,528
Lake Pleasant Rehab,n95,Ltcf,220
Lake Pleasant Rehab,surgical mask,Ltcf,1000
Las Fuentes Assisted Living,gloves,Ltcf,200
Las Fuentes Assisted Living,gowns,Ltcf,36
Las Fuentes Assisted Living,surgical mask,Ltcf,100
Life Care Center,hand sanitizer,Ltcf,4
Life Care Center Paradise Valley,gowns,Ltcf,120
Life Care Center of Paradise Valley,face shield,Ltcf,24
Life Care Center of Paradise Valley,gloves,Ltcf,4000
Life Care Center of Paradise Valley,gowns,Ltcf,354
Life Care Center of Paradise Valley,surgical mask,Ltcf,700
Life Stream Senior Living at Sun Ridge,face shield,Ltcf,24
Life Stream Senior Living at Sun Ridge,gloves,Ltcf,100
Life Stream Senior Living at Sun Ridge,n95,Ltcf,70
Life Stream Senior Living at Sun Ridge,surgical mask,Ltcf,50
Loving Manor Assisted Living,face shield,Ltcf,24
Loving Manor Assisted Living,gloves,Ltcf,100
Loving Manor Assisted Living,gowns,Ltcf,18
Loving Manor Assisted Living,n95,Ltcf,20
Loving Manor Assisted Living,surgical mask,Ltcf,50
Lura Turner Homes,alt. gowns,Ltcf,24
Lura Turner Homes,face shield,Ltcf,24
Lura Turner Homes,gloves,Ltcf,300
Lura Turner Homes,n95,Ltcf,30
Lura Turner Homes,surgical mask,Ltcf,50
Lynwood Home,face shield,Ltcf,48
Lynwood Home,gloves,Ltcf,200
Lynwood Home,gowns,Ltcf,30
Lynwood Home,n95,Ltcf,210
Lynwood Home,surgical mask,Ltcf,200
MCDPH - CWHP,kn95,County,4000
Maggie's Place,face shield,Other,12
Maggie's Place,gloves,Other,2000
Maggie's Place,n95,Other,30
Maggie's Place,surgical mask,Other,300
Maravilla Scottsdale,face shield,Ltcf,192
Maravilla Scottsdale,gloves,Ltcf,1350
Maravilla Scottsdale,gowns,Ltcf,1166
Maravilla Scottsdale,n95,Ltcf,2400
Maravilla Scottsdale,surgical mask,Ltcf,5000
Maricopa Ambulance,gloves,Ems,1500
Maricopa Ambulance,n95,Ems,80
Maricopa Ambulance,stat paq,Ems,10
Maricopa County Human Services,gloves,County,500
Maricopa County Human Services,hand sanitizer,County,30
Maricopa County Human Services,sanitizer,County,60
Maricopa County Human Services,surgical mask,County,36200
Maricopa County Human Services Dept.,thermometer,County,322
Maricopa County Juvenile Probation Dept.,n95,Juvenile,1080
Mariposa Point at Mesa,face shield,Ltcf,48
Mariposa Point at Mesa,gloves,Ltcf,1900
Mariposa Point at Mesa,gowns,Ltcf,144
Mariposa Point at Mesa,n95,Ltcf,120
Mariposa Point at Mesa,surgical mask,Ltcf,200
Mariposa Point of Mesa,face shield,Ltcf,168
Mariposa Point of Mesa,gloves,Ltcf,600
Mariposa Point of Mesa,gowns,Ltcf,126
Mariposa Point of Mesa,n95,Ltcf,360
Mariposa Point of Mesa,surgical mask,Ltcf,900
Maya House,face shield,Ltcf,24
Maya House,gloves,Ltcf,100
Maya House,gowns,Ltcf,20
Maya House,n95,Ltcf,30
Maya House,surgical mask,Ltcf,50
Mayo Hospital ,alt. gowns,Acute,3
Mayo Hospital ,face shield,Acute,672
Mayo Hospital ,gloves,Acute,2000
Mayo Hospital ,gowns,Acute,540
Mayo Hospital ,n95,Acute,1440
Mayo Hospital ,surgical mask,Acute,1750
Merrill Gardens at Anthem,face shield,Ltcf,48
Merrill Gardens at Anthem,gloves,Ltcf,5800
Merrill Gardens at Anthem,gowns,Ltcf,200
Merrill Gardens at Anthem,n95,Ltcf,100
Merrill Gardens at Anthem,surgical mask,Ltcf,1000
Merrill Gardens at The Oaks,face shield,Ltcf,48
Merrill Gardens at The Oaks,gloves,Ltcf,5800
Merrill Gardens at The Oaks,gowns,Ltcf,200
Merrill Gardens at The Oaks,n95,Ltcf,100
Merrill Gardens at The Oaks,surgical mask,Ltcf,1000
Mesa Christian Health & Rehab,gloves,Ltcf,1000
Mesa Christian Health & Rehab,gowns,Ltcf,300
Mesa Christian Health & Rehab,n95,Ltcf,100
Mesa Fire and Medical,n95,Ems,100
Mesa Fire and Medical,stat paq,Ems,15
Mi Casa,face shield,Ltcf,48
Mi Casa,gowns,Ltcf,480
Mi Casa,n95,Ltcf,160
Mi Casa,surgical mask,Ltcf,1500
Mission Palms,face shield,Ltcf,1392
Mission Palms,gloves,Ltcf,5800
Mission Palms,gowns,Ltcf,3180
Mission Palms,n95,Ltcf,2140
Mission Palms,surgical mask,Ltcf,2100
Mission Palms Post Acute,face shield,Ltcf,504
Mission Palms Post Acute,gowns,Ltcf,78
Mission Palms Post Acute,n95,Ltcf,510
Mission Palms Post Acute,surgical mask,Ltcf,500
Montecito Post Acute Care and Rehab,goggles,Ltcf,50
Montecito Senior Living,face shield,Ltcf,168
Montecito Senior Living,gloves,Ltcf,600
Montecito Senior Living,gowns,Ltcf,126
Montecito Senior Living,n95,Ltcf,360
Montecito Senior Living,surgical mask,Ltcf,900
Morning Star Senior Living,alt. gowns,Ltcf,90
Morning Star Senior Living,face shield,Ltcf,96
Morning Star Senior Living,gloves,Ltcf,1000
Morning Star Senior Living,n95,Ltcf,100
Morning Star Senior Living,surgical mask,Ltcf,500
Morning Star at Golden Ridge,alt. gowns,Ltcf,48
Morning Star at Golden Ridge,n95,Ltcf,50
Morning Star at Golden Ridge,surgical mask,Ltcf,250
Moutain Park Health Center,n95,Ltcf,340
Native Health,n95,Fqhc,240
New Beginning Home,gloves,Ltcf,500
New Beginning Home,gowns,Ltcf,100
New Beginning Home,n95,Ltcf,50
New Beginning Home,surgical mask,Ltcf,100
Noble Hospice and Palliative Care,face shield,Ltcf,96
Noble Hospice and Palliative Care,gloves,Ltcf,400
Noble Hospice and Palliative Care,gowns,Ltcf,400
Noble Hospice and Palliative Care,n95,Ltcf,250
Noble Hospice and Palliative Care,surgical mask,Ltcf,1000
North Chandler Assisted Living,face shield,Ltcf,168
North Chandler Assisted Living,gloves,Ltcf,600
North Chandler Assisted Living,gowns,Ltcf,126
North Chandler Assisted Living,n95,Ltcf,360
North Chandler Assisted Living,surgical mask,Ltcf,900
North Mountain,gowns,Ltcf,50
North Mt Medical and Rehab Center,face shield,Ltcf,192
North Mt Medical and Rehab Center,gloves,Ltcf,1600
North Mt Medical and Rehab Center,gowns,Ltcf,780
North Mt Medical and Rehab Center,surgical mask,Ltcf,2400
Ohana Developemental Home,face shield,Ltcf,24
Ohana Developemental Home,gloves,Ltcf,3400
Ohana Developemental Home,gowns,Ltcf,30
Ohana Developemental Home,surgical mask,Ltcf,100
Ohana Developmental Homes,hand sanitizer,Ltcf,17
Ohana Developmental Homes Chanute House,face shield,Ltcf,120
Ohana Developmental Homes Chanute House,gloves,Ltcf,2650
Ohana Developmental Homes Chanute House,surgical mask,Ltcf,600
Olive Grove,face shield,Ltcf,48
Olive Grove,gloves,Ltcf,3500
Olive Grove,gowns,Ltcf,366
Olive Grove,n95,Ltcf,200
Olive Grove,surgical mask,Ltcf,500
Olive Grove Assisted Living,face shield,Ltcf,48
Olive Grove Assisted Living,n95,Ltcf,200
Olive Grove Assisted Living,surgical mask,Ltcf,50
"Open Arms, LLC",alt. gowns,Ltcf,74
"Open Arms, LLC",face shield,Ltcf,96
"Open Arms, LLC",gloves,Ltcf,500
"Open Arms, LLC",n95,Ltcf,100
"Open Arms, LLC",surgical mask,Ltcf,200
Orchard Pointe at Terrazza,face shield,Ltcf,24
Orchard Pointe at Terrazza,n95,Ltcf,110
Orion Homes,alt. gowns,Ltcf,48
Orion Homes,face shield,Ltcf,48
Orion Homes,gloves,Ltcf,1000
Orion Homes,n95,Ltcf,100
Orion Homes,surgical mask,Ltcf,100
Pacific Coast Hospice,n95,Ltcf,20
Pacifica Senior Living,face shield,Ltcf,96
Pacifica Senior Living,gloves,Ltcf,4150
Pacifica Senior Living,gowns,Ltcf,350
Pacifica Senior Living,n95,Ltcf,200
Pacifica Senior Living Paradise Valley,face shield,Ltcf,216
Pacifica Senior Living Paradise Valley,gloves,Ltcf,1800
Pacifica Senior Living Paradise Valley,gowns,Ltcf,200
Pacifica Senior Living Paradise Valley,n95,Ltcf,350
Pacifica Senior Living Paradise Valley,surgical mask,Ltcf,350
Page Family Practice,n95,Ltcf,80
Page Family Practice,surgical mask,Ltcf,50
Palm House,alt. gowns,Ltcf,10
Palm House,face shield,Ltcf,10
Palm House,gloves,Ltcf,100
Palm House,gowns,Ltcf,56
Palm House,n95,Ltcf,30
Palm House,surgical mask,Ltcf,50
Palm Valley Care & Rehab,face shield,Ltcf,192
Palm Valley Care & Rehab,gowns,Ltcf,400
Palm Valley Care & Rehab,n95,Ltcf,600
Palos Verde Senior Living,face shield,Ltcf,168
Palos Verde Senior Living,gloves,Ltcf,600
Palos Verde Senior Living,gowns,Ltcf,126
Palos Verde Senior Living,n95,Ltcf,360
Palos Verde Senior Living,surgical mask,Ltcf,900
Palos Verdes Senior Living,alt. gowns,Ltcf,96
Palos Verdes Senior Living,face shield,Ltcf,24
Palos Verdes Senior Living,gloves,Ltcf,1800
Palos Verdes Senior Living,gowns,Ltcf,608
Palos Verdes Senior Living,n95,Ltcf,150
Palos Verdes Senior Living,surgical mask,Ltcf,350
Paradise Valley PD,n95,Ems,20
Paradise Valley PD,stat paq,Ems,3
Park Senior Villas,face shield,Ltcf,288
Park Senior Villas,gloves,Ltcf,1400
Park Senior Villas,gowns,Ltcf,480
Park Senior Villas,surgical mask,Ltcf,550
Park Terrace at Greenway,alt. gowns,Ltcf,48
Park Terrace at Greenway,face shield,Ltcf,24
Park Terrace at Greenway,n95,Ltcf,20
Park Terrace at Greenway,surgical mask,Ltcf,2200
Parkland Memory Care,surgical mask,Ltcf,100
Paseo Village Assisted Living,face shield,Ltcf,72
Paseo Village Assisted Living,gowns,Ltcf,414
Paseo Village Assisted Living,n95,Ltcf,100
Paseo Village Assisted Living,surgical mask,Ltcf,400
Pastalino Manor,surgical mask,Ltcf,1400
Pennington Gardens,face shield,Ltcf,144
Pennington Gardens,gloves,Ltcf,500
Pennington Gardens,gowns,Ltcf,420
Pennington Gardens,n95,Ltcf,310
Pennington Gardens,surgical mask,Ltcf,1000
Pennington Gardens Assisted Living,face shield,Ltcf,48
Pennington Gardens Assisted Living,gloves,Ltcf,1000
Pennington Gardens Assisted Living,gowns,Ltcf,96
Pennington Gardens Assisted Living,n95,Ltcf,50
Pennington Gardens Assisted Living,surgical mask,Ltcf,150
Pheonix Mountain Post Acute,face shield,Ltcf,96
Pheonix Mountain Post Acute,gloves,Ltcf,2000
Pheonix Mountain Post Acute,gowns,Ltcf,30
Pheonix Mountain Post Acute,n95,Ltcf,300
Pheonix Mountain Post Acute,surgical mask,Ltcf,2000
Phoenix Childrens Hospital,alt. gowns,Acute,1
Phoenix Childrens Hospital,face shield,Acute,288
Phoenix Childrens Hospital,gloves,Acute,10800
Phoenix Childrens Hospital,gowns,Acute,222
Phoenix Childrens Hospital,n95,Acute,570
Phoenix Childrens Hospital,surgical mask,Acute,700
Phoenix Fire Resource Management,face shield,Ems,1608
Phoenix Fire Resource Management,gloves,Ems,19800
Phoenix Fire Resource Management,gowns,Ems,2652
Phoenix Fire Resource Management,n95,Ems,7000
Phoenix Fire Resource Management,surgical mask,Ems,16050
Phoenix Mountain Post Acute,face shield,Ltcf,288
Phoenix Mountain Post Acute,gloves,Ltcf,3050
Phoenix Mountain Post Acute,gowns,Ltcf,2000
Phoenix Mountain Post Acute,n95,Ltcf,500
Phoenix Mountain Post Acute,surgical mask,Ltcf,2000
Prime Hospice,gowns,Ltcf,300
Prime Hospice,n95,Ltcf,220
Prime Hospice,surgical mask,Ltcf,200
Pueblo Norte,face shield,Ltcf,24
Pueblo Norte,gloves,Ltcf,5000
Pueblo Norte,surgical mask,Ltcf,400
Pueblo Norte Senior Living Community,gloves,Ltcf,1700
Quail Manor Assisted Living,face shield,Ltcf,96
Quail Manor Assisted Living,gloves,Ltcf,2700
Quail Manor Assisted Living,gowns,Ltcf,50
Quail Manor Assisted Living,n95,Ltcf,180
Quail Manor Assisted Living,surgical mask,Ltcf,500
Quality Senior Home Asisted Living Facility,face shield,Ltcf,48
Quality Senior Home Asisted Living Facility,gloves,Ltcf,1000
Quality Senior Home Asisted Living Facility,gowns,Ltcf,60
Quality Senior Home Asisted Living Facility,n95,Ltcf,100
Quality Senior Home Asisted Living Facility,surgical mask,Ltcf,50
R & D Adult Care,hand sanitizer,Ltcf,4
R and D Adult Care,face shield,Ltcf,24
R and D Adult Care,gloves,Ltcf,100
R and D Adult Care,gowns,Ltcf,30
R and D Adult Care,n95,Ltcf,40
R and D Adult Care,surgical mask,Ltcf,50
Recovery Innovations,face shield,Ltcf,48
Recovery Innovations,gloves,Ltcf,800
Recovery Innovations,gowns,Ltcf,120
Recovery Innovations,n95,Ltcf,140
Recovery Innovations,surgical mask,Ltcf,1000
Renaissance Luxury Senior Living,face shield,Ltcf,24
Renaissance Luxury Senior Living,gowns,Ltcf,100
ResCare AZ,n95,Ltcf,40
Rio Verde Fire District,gloves,Ems,1500
Rock Creek,alt. gowns,Ltcf,98
Rock Creek,face shield,Ltcf,312
Rock Creek,gloves,Ltcf,4700
Rock Creek,n95,Ltcf,370
Rock Creek,surgical mask,Ltcf,300
Rock Creek Care Center,face shield,Ltcf,96
Rock Creek Care Center,gloves,Ltcf,1000
Rock Creek Care Center,gowns,Ltcf,252
Rock Creek Care Center,n95,Ltcf,200
Rock Creek Care Center,surgical mask,Ltcf,500
Rose Court Assisted Living,face shield,Ltcf,24
Rose Court Assisted Living,gowns,Ltcf,420
Rose Court Assisted Living,n95,Ltcf,200
Rose Court Assisted Living,surgical mask,Ltcf,500
Salt River Pima Maricopa Indian ,sanitizer,Tribal,100
Salt River Pima Medical Indian Comm,gloves,Tribal,4500
Salt River Pima Medical Indian Comm,n95,Tribal,2010
Salt River Pima Medical Indian Comm,surgical mask,Tribal,4000
Sante of Chandler,gowns,Ltcf,30
Sante of Chandler,n95,Ltcf,100
Sante of Chandler,surgical mask,Ltcf,100
Sante of North Scottsdale,gloves,Ltcf,400
Sante of North Scottsdale,gowns,Ltcf,400
Sante of North Scottsdale,n95,Ltcf,200
Sarah's Place at Glencroft,gloves,Ltcf,1000
Sarah's Place at Glencroft,gowns,Ltcf,600
Sarah's Place at Glencroft,n95,Ltcf,500
Sarah's Place at Glencroft,surgical mask,Ltcf,350
Save the Family,gloves,Other,900
Save the Family,kn95,Other,300
Save the Family,surgical mask,Other,500
Scottsdale Fire and Police Dept.,gloves,Ems,1500
Scottsdale Fire and Police Dept.,n95,Ems,60
Scottsdale Fire and Police Dept.,stat paq,Ems,12
Scottsdale Village,face shield,Ltcf,312
Scottsdale Village,gloves,Ltcf,800
Scottsdale Village,gowns,Ltcf,1680
Scottsdale Village,n95,Ltcf,680
Scottsdale Village,surgical mask,Ltcf,1200
Scottsdale Village Square,face shield,Ltcf,504
Scottsdale Village Square,gloves,Ltcf,3400
Scottsdale Village Square,n95,Ltcf,120
Scottsdale Village Square,surgical mask,Ltcf,5000
Sierra Winds,face shield,Ltcf,48
Sierra Winds,gowns,Ltcf,108
Sierra Winds,surgical mask,Ltcf,300
Solace Hospice,face shield,Ltcf,168
Solace Hospice,gloves,Ltcf,600
Solace Hospice,gowns,Ltcf,126
Solace Hospice,n95,Ltcf,440
Solace Hospice,surgical mask,Ltcf,950
Solterra Senior Living Chandler,face shield,Ltcf,24
Solterra Senior Living Chandler,gowns,Ltcf,200
Solterra Senior Living Chandler,n95,Ltcf,100
Solterra Senior Living-Chandler,alt. gowns,Ltcf,48
Solterra Senior Living-Chandler,face shield,Ltcf,24
Solterra Senior Living-Chandler,n95,Ltcf,80
Solterra Senior Living-Chandler,surgical mask,Ltcf,400
Springs of Scottsdale,face shield,Ltcf,24
Springs of Scottsdale,gloves,Ltcf,1400
Springs of Scottsdale,n95,Ltcf,50
Springs of Scottsdale,surgical mask,Ltcf,250
St. Elizabeth Home Health,n95,Ltcf,80
St. Elizabeth Home Health,surgical mask,Ltcf,50
Stewart Hospital,alt. gowns,Acute,2
Stewart Hospital,gloves,Acute,1200
Stewart Hospital,gowns,Acute,348
Stewart Hospital,n95,Acute,870
Stewart Hospital,surgical mask,Acute,1050
Stokes Home Health Care,face shield,Private,96
Stokes Home Health Care,gloves,Private,2000
Stokes Home Health Care,gowns,Private,50
Stokes Home Health Care,n95,Private,100
Stokes Home Health Care,surgical mask,Private,500
Sun City Fire & Medical,gowns,Ems,50
Sun City Fire Medical Authority,gowns,Ems,150
Sun City Fire and Medical,gowns,Ems,50
Sun City Fire and Medical,n95,Ems,260
Sun City Fire and Medical,surgical mask,Ems,150
Sun City Fire and Medical Dept.,n95,Ems,60
Sun City Fire and Medical Dept.,stat paq,Ems,12
Sun Valley Lodge,face shield,Ltcf,288
Sun Valley Lodge,n95,Ltcf,180
Sun West Choice,gowns,Ltcf,200
Sunshine Village,face shield,Ltcf,240
Sunshine Village,gloves,Ltcf,1000
Sunshine Village,gowns,Ltcf,252
Sunshine Village,n95,Ltcf,260
Sunshine Village,surgical mask,Ltcf,500
Sunview Respiratory & Rehab,gowns,Ltcf,200
Sunview Respiratory and Rehab,gloves,Ltcf,300
Sunview Respiratory and Rehab,gowns,Ltcf,96
Sunview Respiratory and Rehab,n95,Ltcf,300
Surprise Fire and Medicla,gloves,Ems,1500
Surprise Fire and Medicla,n95,Ems,100
Surprise Fire and Medicla,stat paq,Ems,15
Surprise Health & Rehab,gowns,Ltcf,400
Surprise Health & Rehab Center,alt. gowns,Ltcf,300
Surprise Health & Rehab Center,face shield,Ltcf,192
Surprise Health & Rehab Center,gloves,Ltcf,1350
Surprise Health & Rehab Center,surgical mask,Ltcf,500
Surprise Health and Rehab Center,face shield,Ltcf,2016
Surprise Health and Rehab Center,gloves,Ltcf,3300
Surprise Health and Rehab Center,gowns,Ltcf,2028
Surprise Health and Rehab Center,n95,Ltcf,2000
Surprise Health and Rehab Center,surgical mask,Ltcf,2200
TCH/The Center of Habilitations,face shield,Ltcf,192
TCH/The Center of Habilitations,gloves,Ltcf,5800
TCH/The Center of Habilitations,gowns,Ltcf,200
TCH/The Center of Habilitations,n95,Ltcf,100
TCH/The Center of Habilitations,surgical mask,Ltcf,5000
Tempe Fire,goggles,Ems,500
Tempe Fire Medical Recue Dept.,stat paq,Ems,2
Terros Health,face shield,Other,500
Terros Health,surgical mask,Other,10000
The Center at Val Vista,gloves,Ltcf,500
The Center at Val Vista,gowns,Ltcf,500
The Center at Val Vista,n95,Ltcf,50
The Center at Val Vista,surgical mask,Ltcf,500
The Forum at Desert Harbor,face shield,Ltcf,192
The Forum at Desert Harbor,gowns,Ltcf,96
The Forum at Desert Harbor,n95,Ltcf,200
The Forum at Desert Harbor,surgical mask,Ltcf,1000
The Groves,face shield,Ltcf,168
The Groves,gloves,Ltcf,1000
The Groves,gowns,Ltcf,126
The Groves,n95,Ltcf,960
The Groves,surgical mask,Ltcf,1500
The Summit at Sunland Springs,face shield,Ltcf,24
The Summit at Sunland Springs,gloves,Ltcf,1000
The Summit at Sunland Springs,gowns,Ltcf,50
The Summit at Sunland Springs,n95,Ltcf,50
The Summit at Sunland Springs,surgical mask,Ltcf,200
The Tungland Corporation,face shield,Ltcf,96
The Tungland Corporation,gowns,Ltcf,48
The Tungland Corporation ,face shield,Ltcf,96
The Tungland Corporation ,surgical mask,Ltcf,600
Thunderbird Senior Living ,n95,Ltcf,270
Thunderbird Senior Living ,shoe cover,Ltcf,50
Towers at Glencroft,face shield,Ltcf,480
Towers at Glencroft,gloves,Ltcf,500
Towers at Glencroft,gowns,Ltcf,480
Towers at Glencroft,n95,Ltcf,180
Towers at Glencroft,surgical mask,Ltcf,500
Town of Gilbert,n95,Ems,430
Town of Guadalupe,gloves,Ems,1000
Town of Guadalupe,goggles,Ems,204
Town of Guadalupe,gowns,Ems,60
Town of Guadalupe,hand sanitizer,Ems,5
Town of Guadalupe,n95,Ems,200
Town of Guadalupe,surgical mask,Ems,6500
Town of Queen Creek,gowns,Ems,100
Track House,n95,Ltcf,60
Track House,surgical mask,Ltcf,350
Umom Early Youth Shelter,gloves,Ltcf,1000
Umom Early Youth Shelter,surgical mask,Ltcf,500
Valle Del Sol,alt. gowns,Ltcf,108
Valle Del Sol,kn95,Ltcf,600
Valle Del Sol,surgical mask,Ltcf,500
Valley Home Health Care,n95,Private practice,40
Valley Home Health Care,surgical mask,Private practice,50
Valleywise Hospital,alt. gowns,Acute,3
Valleywise Hospital,face shield,Acute,672
Valleywise Hospital,gloves,Acute,1200
Valleywise Hospital,gowns,Acute,540
Valleywise Hospital,n95,Acute,1920
Valleywise Hospital,surgical mask,Acute,1750
Ventana Winds,surgical mask,Ltcf,200
Ventana Winds Assisted Living,gloves,Ltcf,2100
Ventana Winds Assisted Living,gowns,Ltcf,630
Ventana Winds Assisted Living,n95,Ltcf,650
Ventana Winds Assisted Living,surgical mask,Ltcf,350
Vicky's Loving Home,face shield,Ltcf,24
Vicky's Loving Home,gowns,Ltcf,30
Vicky's Loving Home,hand sanitizer,Ltcf,2
Vicky's Loving Home,n95,Ltcf,20
Vicky's Loving Home,surgical mask,Ltcf,50
Villa Ocotillo Assisted Living & Memory,face shield,Ltcf,72
Villa Ocotillo Assisted Living & Memory,n95,Ltcf,100
Villa Ocotillo Assisted Living & Memory,surgical mask,Ltcf,1000
Villa Ocotillo Assisted Living and Memory,alt. gowns,Ltcf,57
Villa Ocotillo Assisted Living and Memory,face shield,Ltcf,48
Villa Ocotillo Assisted Living and Memory,gloves,Ltcf,2000
Villa Ocotillo Assisted Living and Memory,gowns,Ltcf,48
Villa Ocotillo Assisted Living and Memory,n95,Ltcf,40
Village at Ocotillo,alt. gowns,Ltcf,17
Village at Ocotillo,face shield,Ltcf,168
Village at Ocotillo,gloves,Ltcf,600
Village at Ocotillo,gowns,Ltcf,126
Village at Ocotillo,n95,Ltcf,20
Village at Ocotillo,surgical mask,Ltcf,900
Vitalant Blood,gloves,Fqhc,600
Vitalant Blood,n95,Fqhc,480
Warner Family Practice,n95,Private practice,80
Warner Family Practice,surgical mask,Private practice,50
Wellspring,face shield,Ltcf,48
Wellspring,gloves,Ltcf,100
Wellspring,gowns,Ltcf,120
Wellspring,n95,Ltcf,240
Wellspring,surgical mask,Ltcf,750
Westchester Care Center Memory Care,face shield,Ltcf,72
Westchester Care Center Memory Care,gloves,Ltcf,6000
Westchester Care Center Memory Care,n95,Ltcf,120
Westchester Care Center Memory Care,surgical mask,Ltcf,350
Westchester Senior Campus,hand sanitizer,Ltcf,3
Woodmark,face shield,Ltcf,24
Woodmark,gloves,Ltcf,200
Woodmark,gowns,Ltcf,110
Woodmark,n95,Ltcf,90
Woodmark,surgical mask,Ltcf,100
